,Race_Type,Horse_Name,Trainer_name,Jockey_name,Weight,Draw,Win_odds,predicted finishing time,Place
0,SAND MARTIN HANDICAP,OFF THE REEL,P F Yiu,K Teetan,126.0,126.0,25.0,100.21602762265286,1
1,SAND MARTIN HANDICAP,LADY FIRST,A S Cruz,C L Chau,125.0,125.0,3.200000047683716,100.80511199116295,2
2,SAND MARTIN HANDICAP,YES WE CAN,T P Yung,A Badel,122.0,122.0,7.300000190734863,100.99366583713032,3
3,SAND MARTIN HANDICAP,LAND POWER,C Fownes,K H Chan,120.0,120.0,5.5,101.08074783772861,4
4,SAND MARTIN HANDICAP,BEST FOR YOU,Y S Tsui,K C Leung,123.0,123.0,11.0,101.18000252730366,5
5,SAND MARTIN HANDICAP,RUBY STARS,K L Man,N Callan,124.0,124.0,89.0,101.28289977022416,6
6,SAND MARTIN HANDICAP,EL VALIENTE,P O'Sullivan,J Moreira,119.0,119.0,4.900000095367432,101.3409144373448,7
7,SAND MARTIN HANDICAP,LIGHT MY DAY,C H Yip,M F Poon,119.0,119.0,44.0,101.44691984508908,8
8,SAND MARTIN HANDICAP,HANG'S DECISION,W Y So,Z Purton,131.0,131.0,11.0,101.45688910145397,9
9,SAND MARTIN HANDICAP,LUCKY MARYKNOLL,D A Hayes,R Maia,118.0,118.0,54.0,101.49166771919502,10
10,SAND MARTIN HANDICAP,SUN SUN FA FA,W Y So,C Wong,111.0,111.0,97.0,101.49695402338891,11
11,SAND MARTIN HANDICAP,DEAL MAKER,K H Ting,C Schofield,133.0,133.0,10.0,102.26090883446587,12
12,ALDRICH BAY HANDICAP,CITY LEGEND,T P Yung,C L Chau,125.0,125.0,4.699999809265137,77.38269892428877,1
13,ALDRICH BAY HANDICAP,GOLDEN MISSION,C W Chang,A Hamelin,122.0,122.0,14.0,78.01029705347904,2
14,ALDRICH BAY HANDICAP,GALAXY EMPEROR,A S Cruz,J Moreira,127.0,127.0,11.0,78.09389010258751,3
15,ALDRICH BAY HANDICAP,VIVA COUNCIL,L Ho,H T Mo,128.0,128.0,24.0,78.09520614060617,4
16,ALDRICH BAY HANDICAP,SEIZE THE SPIRIT,Y S Tsui,T Piccone,127.0,127.0,90.0,78.10023992320659,5
17,ALDRICH BAY HANDICAP,SPICY GRILL,K W Lui,V Borges,130.0,130.0,5.300000190734863,78.10167991447065,6
18,ALDRICH BAY HANDICAP,GALAXY RACER,R Gibson,M Chadwick,124.0,124.0,73.0,78.16451622001846,7
19,ALDRICH BAY HANDICAP,RED MAJESTY,D A Hayes,C Schofield,132.0,132.0,50.0,78.16520243798098,8
20,ALDRICH BAY HANDICAP,LITTLE GENERAL,C S Shum,A Badel,121.0,121.0,16.0,78.196787345508,9
21,ALDRICH BAY HANDICAP,FOR FUN'S SAKE,C Fownes,B Shinn,123.0,123.0,13.0,78.196787345508,10
22,ALDRICH BAY HANDICAP,WINWIN THIRTYTHREE,P F Yiu,K H Chan,126.0,126.0,12.0,78.21399331795521,11
23,ALDRICH BAY HANDICAP,WONDER BRAHMA,D J Hall,N Callan,120.0,120.0,12.0,78.26441227331952,12
24,ALDRICH BAY HANDICAP,VICTORIOUS LEADER,C H Yip,C Soumillon,129.0,129.0,12.0,78.37524852307625,13
25,ALDRICH BAY HANDICAP,DESTIN,P O'Sullivan,Z Purton,133.0,133.0,5.099999904632568,78.65846104870052,14
26,VICTORIA HARBOUR HANDICAP,BEAUTY APPLAUSE,J Size,J Moreira,131.0,131.0,9.399999618530273,72.33099074643532,1
27,VICTORIA HARBOUR HANDICAP,CALIFORNIADEEPSHOT,A S Cruz,C Soumillon,123.0,123.0,4.099999904632568,72.70255636565076,2
28,VICTORIA HARBOUR HANDICAP,ROMAN TURBO,C S Shum,A Badel,118.0,118.0,7.599999904632568,72.73214849614459,3
29,VICTORIA HARBOUR HANDICAP,DUKE WAI,P O'Sullivan,C L Chau,125.0,125.0,5.599999904632568,72.96136788689044,4
30,VICTORIA HARBOUR HANDICAP,HANDSOME BO BO,C S Shum,Z Purton,121.0,121.0,5.099999904632568,73.05193788032756,5
31,VICTORIA HARBOUR HANDICAP,ALL IN MIND,A S Cruz,M Chadwick,120.0,120.0,16.0,73.07706978039496,6
32,VICTORIA HARBOUR HANDICAP,VICTORIAM,K W Lui,N Callan,127.0,127.0,93.0,73.35168732667458,7
33,VICTORIA HARBOUR HANDICAP,SPEND,D J Hall,H T Mo,114.0,114.0,65.0,73.43967906859274,8
34,VICTORIA HARBOUR HANDICAP,HIGHLAND FORTUNE,K W Lui,K Teetan,124.0,124.0,10.0,73.45458456959508,9
35,VICTORIA HARBOUR HANDICAP,TEAM SPIRIT,W Y So,T Piccone,124.0,124.0,24.0,73.46984626483538,10
36,VICTORIA HARBOUR HANDICAP,GUY DRAGON,C Fownes,C Y Ho,119.0,119.0,12.0,73.66578415818918,11
37,VICTORIA HARBOUR HANDICAP,RACING FIGHTER,C H Yip,K C Leung,123.0,123.0,44.0,73.71335778734664,12
38,VICTORIA HARBOUR HANDICAP,GOLD CHEST,R Gibson,M F Poon,131.0,131.0,36.0,73.79714687135652,13
39,VICTORIA HARBOUR HANDICAP,YOUNG LEGEND,C S Shum,A Hamelin,119.0,119.0,121.0,74.08127742605564,14
40,CLEAR WATER BAY HANDICAP,ZONE D,J Size,A Badel,127.0,127.0,13.0,72.63287698992382,1
41,CLEAR WATER BAY HANDICAP,TRAVEL GLORY,C W Chang,V Borges,126.0,126.0,30.0,72.80516924103425,2
42,CLEAR WATER BAY HANDICAP,ULTRA EXPRESS,A T Millard,K Teetan,122.0,122.0,7.800000190734863,73.08953332827753,3
43,CLEAR WATER BAY HANDICAP,WINS ALL,W Y So,Z Purton,123.0,123.0,3.4000000953674316,73.38597110565202,4
44,CLEAR WATER BAY HANDICAP,MORE THAN ENOUGH,A S Cruz,C Soumillon,129.0,129.0,6.800000190734863,73.94365669057046,5
45,CLEAR WATER BAY HANDICAP,BEST FOR YOU,Y S Tsui,C Schofield,126.0,126.0,39.0,74.53028268951269,6
46,CLEAR WATER BAY HANDICAP,GREEN ENVY,C Fownes,J Moreira,117.0,117.0,4.800000190734863,74.72687311160911,7
47,CLEAR WATER BAY HANDICAP,SEAWEED FORTUNE,K W Lui,C Y Ho,129.0,129.0,13.0,74.73307598573425,8
48,CLEAR WATER BAY HANDICAP,EL JEFE,C H Yip,K C Leung,127.0,127.0,38.0,74.79720000729812,9
49,CLEAR WATER BAY HANDICAP,GOLDEN LINK,P F Yiu,M F Poon,131.0,131.0,50.0,74.86851234269159,10
50,CLEAR WATER BAY HANDICAP,STUNNING IMPACT,P O'Sullivan,T Piccone,121.0,121.0,15.0,74.90957280921558,11
51,CLEAR WATER BAY HANDICAP,PEARL CHAMPION,K L Man,A Hamelin,122.0,122.0,34.0,74.91006650658349,12
52,CLEAR WATER BAY HANDICAP,DIAMOND RHYME,F C Lor,C L Chau,125.0,125.0,11.0,75.11883445555438,13
53,CLEAR WATER BAY HANDICAP,UNIVERSAL CROWN,D J Whyte,M L Yeung,117.0,117.0,136.0,75.42404268734322,14
54,ROBIN HANDICAP,JADE PHOENIX,F C Lor,J Moreira,129.0,129.0,3.299999952316284,69.35686474457592,1
55,ROBIN HANDICAP,COLONEL,P F Yiu,K H Chan,126.0,126.0,8.899999618530273,70.12041352630405,2
56,ROBIN HANDICAP,THOU SHALL SING,K W Lui,C Y Ho,130.0,130.0,5.5,70.16700056886569,3
57,ROBIN HANDICAP,GOODMANSHIP,D J Whyte,C L Chau,117.0,117.0,51.0,70.2002049074604,4
58,ROBIN HANDICAP,COOLCELEB,T P Yung,Z Purton,126.0,126.0,6.599999904632568,70.46365905133933,5
59,ROBIN HANDICAP,HANDSOME REBEL,Y S Tsui,K C Leung,129.0,129.0,7.400000095367432,70.74054562548964,6
60,ROBIN HANDICAP,SEA MONARCH,W Y So,M L Yeung,120.0,120.0,72.0,70.75289298443317,7
61,ROBIN HANDICAP,THE BEST HERO,L Ho,M F Poon,115.0,115.0,13.0,70.75289298443317,8
62,ROBIN HANDICAP,GALLANT LEGACY,C W Chang,R Maia,118.0,118.0,9.399999618530273,70.92688231566298,9
63,ROBIN HANDICAP,MELBOURNE HALL,D J Hall,B Shinn,126.0,126.0,47.0,71.02928586121557,10
64,ROBIN HANDICAP,PICHU,K H Ting,T Piccone,121.0,121.0,147.0,71.49900786523727,11
65,TERN HANDICAP,DR PROACTIVE,K H Ting,J Moreira,130.0,130.0,7.900000095367432,69.2407723798339,1
66,TERN HANDICAP,LITTLE THUNDER,A T Millard,K Teetan,133.0,133.0,3.4000000953674316,69.67798929956035,2
67,TERN HANDICAP,RED MAJESTY,D A Hayes,B Shinn,126.0,126.0,28.0,69.71117599430475,3
68,TERN HANDICAP,THE ABRAXAS,Y S Tsui,M F Poon,123.0,123.0,6.199999809265137,69.96590854708923,4
69,TERN HANDICAP,SMART CHARADE,W Y So,Z Purton,132.0,132.0,6.199999809265137,70.11364995520192,5
70,TERN HANDICAP,KA YING BRILLIANCE,T P Yung,M Chadwick,117.0,117.0,37.0,70.32523926874998,6
71,TERN HANDICAP,WINNING STRIKES,P O'Sullivan,K C Leung,130.0,130.0,5.900000095367432,70.37193787508846,7
72,TERN HANDICAP,EVER STRONG,K L Man,K H Chan,113.0,113.0,12.0,70.38303780713512,8
73,TERN HANDICAP,ATHENA,C H Yip,C Schofield,132.0,132.0,41.0,70.4206847445658,9
74,TERN HANDICAP,FOR FUN'S SAKE,C Fownes,M L Yeung,117.0,117.0,27.0,70.4217866910514,10
75,TERN HANDICAP,FOX CHEUNGER,K W Lui,T Piccone,127.0,127.0,61.0,70.42513532205105,11
76,TERN HANDICAP,YEE CHEONG LUCKY,C S Shum,C Y Ho,127.0,127.0,12.0,70.51172956077895,12
77,CHAI WAN HANDICAP,SAVVY KINGMAN,F C Lor,M L Yeung,123.0,123.0,122.0,99.11806348342283,1
78,CHAI WAN HANDICAP,DONC JE SUIS,D A Hayes,B Shinn,124.0,124.0,13.0,99.27815084118365,2
79,CHAI WAN HANDICAP,CHEERFUL DAYS,K W Lui,Z Purton,130.0,130.0,2.200000047683716,100.09877092505806,3
80,CHAI WAN HANDICAP,SURE WIN WIN,T P Yung,A Badel,115.0,115.0,11.0,100.40855926062208,4
81,CHAI WAN HANDICAP,GOLD 'N' BOLD,W Y So,K Teetan,116.0,116.0,11.0,100.51145650354259,5
82,CHAI WAN HANDICAP,LAND POWER,A T Millard,J Moreira,123.0,123.0,8.199999809265137,100.51554542071298,6
83,CHAI WAN HANDICAP,WINNING STEED,K H Ting,K C Leung,122.0,122.0,20.0,100.61135255684364,7
84,CHAI WAN HANDICAP,BULLETPROOF,P F Yiu,V Borges,124.0,124.0,16.0,100.61474461603311,8
85,CHAI WAN HANDICAP,NUNCHUKS,C Fownes,C Y Ho,120.0,120.0,9.399999618530273,100.61732720959296,9
86,CHAI WAN HANDICAP,BRAVE POWER,A S Cruz,M Chadwick,113.0,113.0,17.0,100.63060419818717,10
87,CHAI WAN HANDICAP,HAPPY WIN WIN,C H Yip,A Hamelin,120.0,120.0,12.0,100.67547657840751,11
88,CHAI WAN HANDICAP,RUBY STARS,K L Man,N Callan,133.0,133.0,198.0,100.75923693287164,12
89,CHAI WAN HANDICAP,MCMUNIGAL,D E Ferraris,H N Wong,115.0,115.0,106.0,100.78963477827122,13
90,CHAI WAN HANDICAP,AMAZING LUCK,P O'Sullivan,M F Poon,118.0,118.0,80.0,101.06473595447528,14
91,ROBIN HANDICAP,GOLD COMET,A T Millard,C Schofield,123.0,123.0,5.900000095367432,69.38434395335082,1
92,ROBIN HANDICAP,SUNNY DELIGHT,C S Shum,Z Purton,125.0,125.0,10.0,69.495456618418,2
93,ROBIN HANDICAP,EVERYONE'S VICTORY,F C Lor,J Moreira,123.0,123.0,20.0,69.68211170796054,3
94,ROBIN HANDICAP,SUPER ALLIANCES,J Size,M Chadwick,133.0,133.0,3.700000047683716,70.21786354191302,4
95,ROBIN HANDICAP,MAGIC SUPREME,K L Man,A Badel,125.0,125.0,4.699999809265137,70.29748354131455,5
96,ROBIN HANDICAP,SPLIT OF A SECOND,W Y So,C Wong,111.0,111.0,63.0,70.35923378377177,6
97,ROBIN HANDICAP,VIVA CHEF,L Ho,M F Poon,118.0,118.0,6.199999809265137,70.46365905133933,7
98,ROBIN HANDICAP,JUST NOT LISTENING,T P Yung,N Callan,132.0,132.0,32.0,70.69116352130959,8
99,ROBIN HANDICAP,FORTUNE HAPPINESS,K W Lui,C Y Ho,124.0,124.0,10.0,70.75526895613974,9
100,ROBIN HANDICAP,MIGHTY POWER,D A Hayes,C L Chau,117.0,117.0,9.199999809265137,70.96166093340406,10
101,ROBIN HANDICAP,HERO TIME,R Gibson,T Piccone,125.0,125.0,114.0,71.11075872216517,11
102,SIU SAI WAN HANDICAP,AUTHENTIC CHAMP,K H Ting,C Y Ho,117.0,117.0,5.099999904632568,98.51145234681398,1
103,SIU SAI WAN HANDICAP,TELECOM FIGHTERS,Y S Tsui,K Teetan,114.0,114.0,5.900000095367432,98.77221871876398,2
104,SIU SAI WAN HANDICAP,BEAUTY DAY,T P Yung,M F Poon,118.0,118.0,8.5,99.19153836410409,3
105,SIU SAI WAN HANDICAP,PIANO SOLO,C S Shum,C Soumillon,121.0,121.0,6.900000095367432,99.6108932255291,4
106,SIU SAI WAN HANDICAP,LOOKING GREAT,F C Lor,Z Purton,121.0,121.0,4.400000095367432,99.73059953096188,5
107,SIU SAI WAN HANDICAP,TOYCOON,P F Yiu,K C Leung,117.0,117.0,37.0,99.75199024195962,6
108,SIU SAI WAN HANDICAP,LEADING FORTUNE,J Size,A Badel,114.0,114.0,10.0,99.79673811606557,7
109,SIU SAI WAN HANDICAP,CALIFORNIA TEN,A S Cruz,C L Chau,126.0,126.0,74.0,99.79673811606557,8
110,SIU SAI WAN HANDICAP,PERFECT TO GREAT,C Fownes,J Moreira,127.0,127.0,5.599999904632568,99.80363123820112,9
111,SIU SAI WAN HANDICAP,HANG'S DECISION,W Y So,M L Yeung,113.0,113.0,148.0,99.80540980855554,10
112,SIU SAI WAN HANDICAP,CASIMIRO,P O'Sullivan,M Chadwick,115.0,115.0,33.0,99.86436304387708,11
113,SIU SAI WAN HANDICAP,AI ONE,D A Hayes,C Schofield,121.0,121.0,175.0,99.87780485144818,12
114,SIU SAI WAN HANDICAP,LEGION OF MERIT,D J Hall,H T Mo,113.0,113.0,282.0,99.94542977925968,13
115,SIU SAI WAN HANDICAP,KING OPIE,F C Lor,T Piccone,132.0,132.0,107.0,100.04203978268887,14
116,PARUS HANDICAP,PARTY EVERYDAY,A S Cruz,M Chadwick,119.0,119.0,5.199999809265137,99.9396628517135,1
117,PARUS HANDICAP,ALL FOR ST PAUL'S,F C Lor,M F Poon,116.0,116.0,6.199999809265137,100.14133432407213,2
118,PARUS HANDICAP,ELITE PATCH,K W Lui,C L Chau,126.0,126.0,3.200000047683716,100.377660141521,3
119,PARUS HANDICAP,PARTERRE,A T Millard,K Teetan,130.0,130.0,12.0,100.55542909347449,4
120,PARUS HANDICAP,GREAT TREASURE,Y S Tsui,K C Leung,125.0,125.0,28.0,100.90961225156298,5
121,PARUS HANDICAP,AWE,D A Hayes,M L Yeung,115.0,115.0,13.0,100.95677569250073,6
122,PARUS HANDICAP,VILLA FIONN,P F Yiu,R Maia,119.0,119.0,25.0,101.18891439254512,7
123,PARUS HANDICAP,TANGMERE,C Fownes,C Y Ho,119.0,119.0,18.0,101.23366226665105,8
124,PARUS HANDICAP,PING HAI TREASURE,J Size,J Moreira,123.0,123.0,3.700000047683716,101.24859085507067,9
125,TATHONG CHANNEL HANDICAP,NOT USUAL TALENT,T P Yung,C L Chau,126.0,126.0,3.799999952316284,72.38993182545165,1
126,TATHONG CHANNEL HANDICAP,BAND OF BROTHERS,P O'Sullivan,Z Purton,133.0,133.0,11.0,72.589802267675,2
127,TATHONG CHANNEL HANDICAP,BALLISTIC KING,K H Ting,N Callan,128.0,128.0,7.900000095367432,72.6991811277857,3
128,TATHONG CHANNEL HANDICAP,BEAUTY SMILE,A S Cruz,M Chadwick,115.0,115.0,6.800000190734863,72.82471290899824,4
129,TATHONG CHANNEL HANDICAP,SMILING TIME,K H Ting,K C Leung,119.0,119.0,105.0,73.01611464412179,5
130,TATHONG CHANNEL HANDICAP,PERPETUUM,A S Cruz,M F Poon,117.0,117.0,109.0,73.24026860590882,6
131,TATHONG CHANNEL HANDICAP,WATER DIVINER,C W Chang,H N Wong,112.0,112.0,18.0,73.37122332537892,7
132,TATHONG CHANNEL HANDICAP,HIGHLY PROACTIVE,K W Lui,C Y Ho,117.0,117.0,19.0,73.44400882993799,8
133,TATHONG CHANNEL HANDICAP,WINNING METHOD,C S Shum,A Badel,118.0,118.0,11.0,73.57584128846163,9
134,TATHONG CHANNEL HANDICAP,MS ALLY,A T Millard,J Moreira,116.0,116.0,5.900000095367432,73.58035359456187,10
135,TATHONG CHANNEL HANDICAP,BEAUTY LEGACY,J Size,K Teetan,119.0,119.0,6.300000190734863,73.8075452872749,11
136,TATHONG CHANNEL HANDICAP,GOLDEN SPECTRUM,A S Cruz,C Wong,110.0,110.0,63.0,73.81322531519163,12
137,TATHONG CHANNEL HANDICAP,BEAUTY RUSH,J Size,V Borges,120.0,120.0,47.0,73.81322531519163,13
138,TATHONG CHANNEL HANDICAP,HAPPY FUN,C H Yip,T Piccone,117.0,117.0,51.0,73.81625503026714,14
139,CUCKOO HANDICAP,CALIFORNIADEEPSHOT,A S Cruz,M Chadwick,117.0,117.0,10.0,99.86662611117004,1
140,CUCKOO HANDICAP,HONGKONG GREAT,C S Shum,C Y Ho,117.0,117.0,5.0,99.94233162677659,2
141,CUCKOO HANDICAP,GLORIOUS ARTIST,F C Lor,Z Purton,124.0,124.0,5.300000190734863,100.16786162409545,3
142,CUCKOO HANDICAP,RIGHTEOUS DOCTRINE,C W Chang,A Badel,115.0,115.0,13.0,100.44319385071097,4
143,CUCKOO HANDICAP,HOLY HEART,K W Lui,K Teetan,114.0,114.0,31.0,100.50357954531938,5
144,CUCKOO HANDICAP,ENCORE BOY,P F Yiu,M F Poon,116.0,116.0,21.0,100.63150089371327,6
145,CUCKOO HANDICAP,PRECIOUSSHIP,P F Yiu,T Piccone,122.0,122.0,33.0,100.77530713626388,7
146,CUCKOO HANDICAP,RED DESERT,J Size,C Schofield,122.0,122.0,9.899999618530273,100.82005501036981,8
147,CUCKOO HANDICAP,MAGNIFICENT,K H Ting,H N Wong,113.0,113.0,14.0,100.83090644177693,9
148,CUCKOO HANDICAP,ELUSIVE STATE,A T Millard,J Moreira,132.0,132.0,3.5,100.86582924874962,10
149,CUCKOO HANDICAP,KINGS SHIELD,F C Lor,K C Leung,133.0,133.0,10.0,100.98131021549085,11
150,RAMBLER CHANNEL HANDICAP,LUCKY FUN,C S Shum,Z Purton,133.0,133.0,4.199999809265137,69.03593222857275,1
151,RAMBLER CHANNEL HANDICAP,RESOLUTE,A T Millard,K Teetan,128.0,128.0,3.9000000953674316,69.42606415825048,2
152,RAMBLER CHANNEL HANDICAP,OSCAR GLORY,F C Lor,A Badel,125.0,125.0,9.600000381469727,69.5850768727443,3
153,RAMBLER CHANNEL HANDICAP,HERO STAR,K L Man,A Hamelin,117.0,117.0,14.0,70.18097014907792,4
154,RAMBLER CHANNEL HANDICAP,MOERAKI,C W Chang,J Moreira,130.0,130.0,7.199999809265137,70.46365905133933,5
155,RAMBLER CHANNEL HANDICAP,KELMIMI WINS,D E Ferraris,H W Lai,115.0,115.0,112.0,70.7541846850115,6
156,RAMBLER CHANNEL HANDICAP,ALLOY KING,K H Ting,M L Yeung,113.0,113.0,71.0,70.85278903773423,7
157,RAMBLER CHANNEL HANDICAP,ONE HAPPY STAR,C H Yip,M F Poon,113.0,113.0,16.0,70.91691305929811,8
158,RAMBLER CHANNEL HANDICAP,STRIKING MR C,T P Yung,K C Leung,130.0,130.0,11.0,70.92688231566298,9
159,RAMBLER CHANNEL HANDICAP,URBAN DANCER,D A Hayes,B Shinn,128.0,128.0,25.0,70.94335301447124,10
160,RAMBLER CHANNEL HANDICAP,HANDSOME REBEL,Y S Tsui,C Wong,125.0,125.0,15.0,70.96694723759792,11
161,RAMBLER CHANNEL HANDICAP,DEMONS ROCK,D J Hall,H T Mo,120.0,120.0,7.699999809265137,71.15955163674407,12
162,MESIA HANDICAP,LUCKY FUN,C S Shum,Z Purton,125.0,125.0,2.5,67.31220923571877,1
163,MESIA HANDICAP,MAN STAR,K H Ting,K Teetan,126.0,126.0,5.0,68.18194960027678,2
164,MESIA HANDICAP,MOERAKI,C W Chang,M Chadwick,117.0,117.0,6.5,68.21722854985302,3
165,MESIA HANDICAP,GUNNISON,Y S Tsui,H N Wong,130.0,130.0,9.0,68.96976807150324,4
166,MESIA HANDICAP,HARRIER JET,P O'Sullivan,C Wong,111.0,111.0,35.0,69.43064999746362,5
167,MESIA HANDICAP,SUPER POWER MAN,K L Man,M F Poon,112.0,112.0,38.0,69.76450955615138,6
168,MESIA HANDICAP,SUNSET WATCH,K W Lui,A Badel,128.0,128.0,41.0,69.96730285237294,7
169,MESIA HANDICAP,SICOMORO,D A Hayes,B Shinn,128.0,128.0,151.0,70.09859904136815,8
170,MESIA HANDICAP,EIGHT TRIGRAMS,D J Hall,C Y Ho,119.0,119.0,28.0,70.156184499051,9
171,MESIA HANDICAP,GOLFMAN STAR,F C Lor,J Moreira,120.0,120.0,10.0,70.19145681415998,10
172,MESIA HANDICAP,GAMEPLAYER TIMES,D J Whyte,M L Yeung,118.0,118.0,58.0,70.19145681415998,11
173,MESIA HANDICAP,FLYING BONUS,C H Yip,K H Chan,115.0,115.0,7.800000190734863,70.23480943503644,12
174,TAI TAM BAY HANDICAP,GUNNAR,C Fownes,K H Chan,117.0,117.0,5.800000190734863,67.73881849067216,1
175,TAI TAM BAY HANDICAP,TELECOM SMART,Y S Tsui,C Wong,110.0,110.0,95.0,68.42378408080067,2
176,TAI TAM BAY HANDICAP,SUPER ALLIANCES,J Size,M Chadwick,118.0,118.0,7.800000190734863,68.72518377757319,3
177,TAI TAM BAY HANDICAP,JUST NOT LISTENING,T P Yung,H T Mo,111.0,111.0,42.0,68.96976807150324,4
178,TAI TAM BAY HANDICAP,SUNNY BOY,W Y So,C L Chau,123.0,123.0,8.5,69.68189056773839,5
179,TAI TAM BAY HANDICAP,ETERNAL BEAUTY,A S Cruz,T Piccone,121.0,121.0,23.0,69.74736538415664,6
180,TAI TAM BAY HANDICAP,AQUILA,K H Ting,C Y Ho,120.0,120.0,13.0,69.86440560945243,7
181,TAI TAM BAY HANDICAP,UTOPIA LIFE,K L Man,N Callan,128.0,128.0,12.0,69.86740679907187,8
182,TAI TAM BAY HANDICAP,SUNSET WATCH,K W Lui,K Teetan,126.0,126.0,14.0,69.96730285237294,9
183,TAI TAM BAY HANDICAP,ALL FOR SOUTH,F C Lor,J Moreira,127.0,127.0,3.200000047683716,69.97307860449824,10
184,TAI TAM BAY HANDICAP,FALCON TURBO,A T Millard,C Schofield,127.0,127.0,8.399999618530273,70.27955730914238,11
185,TAI TAM BAY HANDICAP,FLYING BONUS,C H Yip,A Hamelin,117.0,117.0,18.0,70.42359551420435,12
186,ROBIN HANDICAP,MAGIC BONUS,D A Hayes,M L Yeung,124.0,124.0,143.0,69.42606376700206,1
187,ROBIN HANDICAP,MERCURIAL,A S Cruz,N Callan,132.0,132.0,5.300000190734863,69.42606415825048,2
188,ROBIN HANDICAP,HAPPY TANGO,Y S Tsui,J Moreira,117.0,117.0,2.700000047683716,69.4397712598422,3
189,ROBIN HANDICAP,ZACIAN,A T Millard,C Wong,114.0,114.0,93.0,70.17627612100426,4
190,ROBIN HANDICAP,HAPPILY FRIENDS,K H Ting,K Teetan,117.0,117.0,10.0,70.24507558390808,5
191,ROBIN HANDICAP,DOLLAR REWARD,C S Shum,Z Purton,120.0,120.0,10.0,70.70583856456058,6
192,ROBIN HANDICAP,BLOTTING PAPER,R Gibson,C L Chau,126.0,126.0,8.399999618530273,70.74387357658102,7
193,ROBIN HANDICAP,SMART HUNTER,D J Whyte,T Piccone,117.0,117.0,99.0,70.87204067907777,8
194,ROBIN HANDICAP,GOLDIE FLANKER,K L Man,M Chadwick,124.0,124.0,23.0,70.92688231566298,9
195,ROBIN HANDICAP,STRIKING MR C,T P Yung,R Maia,130.0,130.0,32.0,70.92688231566298,10
196,ROBIN HANDICAP,SEVEN HEAVENS,C Fownes,B Shinn,130.0,130.0,4.900000095367432,71.09148163328611,11
197,ROBIN HANDICAP,DEMONS ROCK,D J Hall,H T Mo,120.0,120.0,24.0,71.34833771591198,12
198,TROPICBIRD HANDICAP,GENERAL DINO,R Gibson,J Moreira,119.0,119.0,5.0,103.70565588210624,1
199,TROPICBIRD HANDICAP,FAIRY FLOSS,P O'Sullivan,Z Purton,122.0,122.0,2.4000000953674316,103.81188502669437,2
200,TROPICBIRD HANDICAP,MISTER MONTE,C W Chang,C L Chau,125.0,125.0,7.900000095367432,103.85190280155564,3
201,TROPICBIRD HANDICAP,PRECISION DREAM,T P Yung,C Schofield,132.0,132.0,54.0,103.88967762477643,4
202,TROPICBIRD HANDICAP,GREAT SMART,K L Man,M Chadwick,128.0,128.0,23.0,103.88967762477643,5
203,TROPICBIRD HANDICAP,DRAGON COMMANDER,Y S Tsui,K C Leung,131.0,131.0,12.0,103.88967762477643,6
204,TROPICBIRD HANDICAP,REGENCY GEM,W Y So,K Teetan,130.0,130.0,17.0,103.88967762477643,7
205,TROPICBIRD HANDICAP,PROUD SKY,L Ho,M L Yeung,113.0,113.0,26.0,103.97962049450398,8
206,TROPICBIRD HANDICAP,WEALTHY EMPLOYEE,K H Ting,R Maia,133.0,133.0,45.0,103.98957367807748,9
207,TROPICBIRD HANDICAP,REEVE'S MUNTJAC,C H Yip,M F Poon,114.0,114.0,62.0,104.0037536349263,10
208,TROPICBIRD HANDICAP,GOLDEN GENERAL,D E Ferraris,H N Wong,112.0,112.0,41.0,104.02058838469351,11
209,TROPICBIRD HANDICAP,SKY GEM,C Fownes,C Y Ho,126.0,126.0,10.0,104.07616791680537,12
210,TROPICBIRD HANDICAP,CIRCUIT NUMBER ONE,A S Cruz,N Callan,129.0,129.0,16.0,104.14748025219886,13
211,TROPICBIRD HANDICAP,STAR WIN,D J Whyte,T Piccone,119.0,119.0,140.0,104.5084675153693,14
212,SHAU KEI WAN HANDICAP,FANTASTIC WAY,J Size,J Moreira,125.0,125.0,1.399999976158142,70.98037394396835,1
213,SHAU KEI WAN HANDICAP,FIRE BALL,C H Yip,V Borges,116.0,116.0,7.199999809265137,72.28757954146484,2
214,SHAU KEI WAN HANDICAP,VUKAN,P O'Sullivan,K C Leung,125.0,125.0,15.0,72.85263216555452,3
215,SHAU KEI WAN HANDICAP,CHIRON,D A Hayes,C Soumillon,125.0,125.0,21.0,72.98714925666441,4
216,SHAU KEI WAN HANDICAP,STRATHMARTINE,A T Millard,B Shinn,125.0,125.0,282.0,73.36695041829232,5
217,SHAU KEI WAN HANDICAP,GLADSOME RYDER,R Gibson,N Callan,125.0,125.0,285.0,73.43457534610383,6
218,SHAU KEI WAN HANDICAP,SIMPLY SPECTACULAR,C W Chang,Z Purton,130.0,130.0,7.699999809265137,73.75649697336497,7
219,SHAU KEI WAN HANDICAP,VAST STARLIGHT,W Y So,T Piccone,125.0,125.0,110.0,74.63317993243318,8
220,SHAU KEI WAN HANDICAP,FLYING ON THE TURF,K H Ting,M L Yeung,133.0,133.0,61.0,74.73307598573425,9
221,SHAU KEI WAN HANDICAP,XPONENTIAL,D J Whyte,C L Chau,125.0,125.0,21.0,74.73905063848358,10
222,SHAU KEI WAN HANDICAP,COBY OPPA,D J Hall,H N Wong,122.0,122.0,49.0,74.84884084684118,11
223,SHAU KEI WAN HANDICAP,THE SUBMARINE,Y S Tsui,H T Mo,122.0,122.0,312.0,75.07150259286524,12
224,SHAU KEI WAN HANDICAP,TOP ACCOLADE,C S Shum,C Y Ho,120.0,120.0,249.0,75.42404268734322,13
225,SHAU KEI WAN HANDICAP,HAPPY WARRIOR,C Fownes,K H Chan,119.0,119.0,195.0,75.7759337723259,14
